sql_title,sql_category_name,sql_rating,sql_price_gbp,pandas_title,pandas_category_name,pandas_rating,pandas_price_gbp
Sapiens: A Brief History of Humankind,Sapiens: A Brief History of Humankind,5,0.0,Sapiens: A Brief History of Humankind,Sapiens: A Brief History of Humankind,5,0.0
Set Me Free,Set Me Free,5,0.0,Set Me Free,Set Me Free,5,0.0
Scott Pilgrim's Precious Little Life (Scott Pilgrim #1),Scott Pilgrim's Precious Little Life (Scott Pilgrim #1),5,0.0,Scott Pilgrim's Precious Little Life (Scott Pilgrim #1),Scott Pilgrim's Precious Little Life (Scott Pilgrim #1),5,0.0
Rip it Up and Start Again,Rip it Up and Start Again,5,0.0,Rip it Up and Start Again,Rip it Up and Start Again,5,0.0
Chase Me (Paris Nights #2),Chase Me (Paris Nights #2),5,0.0,Chase Me (Paris Nights #2),Chase Me (Paris Nights #2),5,0.0
Black Dust,Black Dust,5,0.0,Black Dust,Black Dust,5,0.0
Worlds Elsewhere: Journeys Around Shakespeareâs Globe,Worlds Elsewhere: Journeys Around Shakespeareâs Globe,5,0.0,Worlds Elsewhere: Journeys Around Shakespeareâs Globe,Worlds Elsewhere: Journeys Around Shakespeareâs Globe,5,0.0
The Four Agreements: A Practical Guide to Personal Freedom,The Four Agreements: A Practical Guide to Personal Freedom,5,0.0,The Four Agreements: A Practical Guide to Personal Freedom,The Four Agreements: A Practical Guide to Personal Freedom,5,0.0
The Elephant Tree,The Elephant Tree,5,0.0,The Elephant Tree,The Elephant Tree,5,0.0
Sophie's World,Sophie's World,5,0.0,Sophie's World,Sophie's World,5,0.0
