title,price_gbp,price_inr,rating,in_stock,category
A Light in the Attic,0.0,0.0,3,True,A Light in the Attic
Tipping the Velvet,0.0,0.0,1,True,Tipping the Velvet
Soumission,0.0,0.0,1,True,Soumission
Sharp Objects,0.0,0.0,4,True,Sharp Objects
Sapiens: A Brief History of Humankind,0.0,0.0,5,True,Sapiens: A Brief History of Humankind
The Requiem Red,0.0,0.0,1,True,The Requiem Red
The Dirty Little Secrets of Getting Your Dream Job,0.0,0.0,4,True,The Dirty Little Secrets of Getting Your Dream Job
"The Coming Woman: A Novel Based on the Life of the Infamous Feminist, Victoria Woodhull",0.0,0.0,3,True,"The Coming Woman: A Novel Based on the Life of the Infamous Feminist, Victoria Woodhull"
The Boys in the Boat: Nine Americans and Their Epic Quest for Gold at the 1936 Berlin Olympics,0.0,0.0,4,True,The Boys in the Boat: Nine Americans and Their Epic Quest for Gold at the 1936 Berlin Olympics
The Black Maria,0.0,0.0,1,True,The Black Maria
"Starving Hearts (Triangular Trade Trilogy, #1)",0.0,0.0,2,True,"Starving Hearts (Triangular Trade Trilogy, #1)"
Shakespeare's Sonnets,0.0,0.0,4,True,Shakespeare's Sonnets
Set Me Free,0.0,0.0,5,True,Set Me Free
Scott Pilgrim's Precious Little Life (Scott Pilgrim #1),0.0,0.0,5,True,Scott Pilgrim's Precious Little Life (Scott Pilgrim #1)
Rip it Up and Start Again,0.0,0.0,5,True,Rip it Up and Start Again
"Our Band Could Be Your Life: Scenes from the American Indie Underground, 1981-1991",0.0,0.0,3,True,"Our Band Could Be Your Life: Scenes from the American Indie Underground, 1981-1991"
Olio,0.0,0.0,1,True,Olio
Mesaerion: The Best Science Fiction Stories 1800-1849,0.0,0.0,1,True,Mesaerion: The Best Science Fiction Stories 1800-1849
Libertarianism for Beginners,0.0,0.0,2,True,Libertarianism for Beginners
It's Only the Himalayas,0.0,0.0,2,True,It's Only the Himalayas
In Her Wake,0.0,0.0,1,True,In Her Wake
How Music Works,0.0,0.0,2,True,How Music Works
"Foolproof Preserving: A Guide to Small Batch Jams, Jellies, Pickles, Condiments, and More: A Foolproof Guide to Making Small Batch Jams, Jellies, Pickles, Condiments, and More",0.0,0.0,3,True,"Foolproof Preserving: A Guide to Small Batch Jams, Jellies, Pickles, Condiments, and More: A Foolproof Guide to Making Small Batch Jams, Jellies, Pickles, Condiments, and More"
Chase Me (Paris Nights #2),0.0,0.0,5,True,Chase Me (Paris Nights #2)
Black Dust,0.0,0.0,5,True,Black Dust
Birdsong: A Story in Pictures,0.0,0.0,3,True,Birdsong: A Story in Pictures
America's Cradle of Quarterbacks: Western Pennsylvania's Football Factory from Johnny Unitas to Joe Montana,0.0,0.0,3,True,America's Cradle of Quarterbacks: Western Pennsylvania's Football Factory from Johnny Unitas to Joe Montana
Aladdin and His Wonderful Lamp,0.0,0.0,3,True,Aladdin and His Wonderful Lamp
Worlds Elsewhere: Journeys Around Shakespeareâs Globe,0.0,0.0,5,True,Worlds Elsewhere: Journeys Around Shakespeareâs Globe
Wall and Piece,0.0,0.0,4,True,Wall and Piece
The Four Agreements: A Practical Guide to Personal Freedom,0.0,0.0,5,True,The Four Agreements: A Practical Guide to Personal Freedom
The Five Love Languages: How to Express Heartfelt Commitment to Your Mate,0.0,0.0,3,True,The Five Love Languages: How to Express Heartfelt Commitment to Your Mate
The Elephant Tree,0.0,0.0,5,True,The Elephant Tree
The Bear and the Piano,0.0,0.0,1,True,The Bear and the Piano
Sophie's World,0.0,0.0,5,True,Sophie's World
Penny Maybe,0.0,0.0,3,True,Penny Maybe
Maude (1883-1993):She Grew Up with the country,0.0,0.0,2,True,Maude (1883-1993):She Grew Up with the country
"In a Dark, Dark Wood",0.0,0.0,1,True,"In a Dark, Dark Wood"
Behind Closed Doors,0.0,0.0,4,True,Behind Closed Doors
You can't bury them all: Poems,0.0,0.0,2,True,You can't bury them all: Poems
Slow States of Collapse: Poems,0.0,0.0,3,True,Slow States of Collapse: Poems
Reasons to Stay Alive,0.0,0.0,2,True,Reasons to Stay Alive
Private Paris (Private #10),0.0,0.0,5,True,Private Paris (Private #10)
#HigherSelfie: Wake Up Your Life. Free Your Soul. Find Your Tribe.,0.0,0.0,5,True,#HigherSelfie: Wake Up Your Life. Free Your Soul. Find Your Tribe.
Without Borders (Wanderlove #1),0.0,0.0,2,True,Without Borders (Wanderlove #1)
When We Collided,0.0,0.0,1,True,When We Collided
"We Love You, Charlie Freeman",0.0,0.0,5,True,"We Love You, Charlie Freeman"
Untitled Collection: Sabbath Poems 2014,0.0,0.0,4,True,Untitled Collection: Sabbath Poems 2014
"Unseen City: The Majesty of Pigeons, the Discreet Charm of Snails & Other Wonders of the Urban Wilderness",0.0,0.0,4,True,"Unseen City: The Majesty of Pigeons, the Discreet Charm of Snails & Other Wonders of the Urban Wilderness"
Unicorn Tracks,0.0,0.0,3,True,Unicorn Tracks
"Unbound: How Eight Technologies Made Us Human, Transformed Society, and Brought Our World to the Brink",0.0,0.0,1,True,"Unbound: How Eight Technologies Made Us Human, Transformed Society, and Brought Our World to the Brink"
Tsubasa: WoRLD CHRoNiCLE 2 (Tsubasa WoRLD CHRoNiCLE #2),0.0,0.0,1,True,Tsubasa: WoRLD CHRoNiCLE 2 (Tsubasa WoRLD CHRoNiCLE #2)
Throwing Rocks at the Google Bus: How Growth Became the Enemy of Prosperity,0.0,0.0,3,True,Throwing Rocks at the Google Bus: How Growth Became the Enemy of Prosperity
This One Summer,0.0,0.0,4,True,This One Summer
Thirst,0.0,0.0,5,True,Thirst
The Torch Is Passed: A Harding Family Story,0.0,0.0,1,True,The Torch Is Passed: A Harding Family Story
The Secret of Dreadwillow Carse,0.0,0.0,1,True,The Secret of Dreadwillow Carse
"The Pioneer Woman Cooks: Dinnertime: Comfort Classics, Freezer Food, 16-Minute Meals, and Other Delicious Ways to Solve Supper!",0.0,0.0,1,True,"The Pioneer Woman Cooks: Dinnertime: Comfort Classics, Freezer Food, 16-Minute Meals, and Other Delicious Ways to Solve Supper!"
The Past Never Ends,0.0,0.0,4,True,The Past Never Ends
The Natural History of Us (The Fine Art of Pretending #2),0.0,0.0,3,True,The Natural History of Us (The Fine Art of Pretending #2)
The Nameless City (The Nameless City #1),0.0,0.0,4,True,The Nameless City (The Nameless City #1)
The Murder That Never Was (Forensic Instincts #5),0.0,0.0,3,True,The Murder That Never Was (Forensic Instincts #5)
The Most Perfect Thing: Inside (and Outside) a Bird's Egg,0.0,0.0,4,True,The Most Perfect Thing: Inside (and Outside) a Bird's Egg
"The Mindfulness and Acceptance Workbook for Anxiety: A Guide to Breaking Free from Anxiety, Phobias, and Worry Using Acceptance and Commitment Therapy",0.0,0.0,4,True,"The Mindfulness and Acceptance Workbook for Anxiety: A Guide to Breaking Free from Anxiety, Phobias, and Worry Using Acceptance and Commitment Therapy"
The Life-Changing Magic of Tidying Up: The Japanese Art of Decluttering and Organizing,0.0,0.0,3,True,The Life-Changing Magic of Tidying Up: The Japanese Art of Decluttering and Organizing
"The Inefficiency Assassin: Time Management Tactics for Working Smarter, Not Longer",0.0,0.0,5,True,"The Inefficiency Assassin: Time Management Tactics for Working Smarter, Not Longer"
The Gutsy Girl: Escapades for Your Life of Epic Adventure,0.0,0.0,1,True,The Gutsy Girl: Escapades for Your Life of Epic Adventure
The Electric Pencil: Drawings from Inside State Hospital No. 3,0.0,0.0,1,True,The Electric Pencil: Drawings from Inside State Hospital No. 3
The Death of Humanity: and the Case for Life,0.0,0.0,4,True,The Death of Humanity: and the Case for Life
"The Bulletproof Diet: Lose up to a Pound a Day, Reclaim Energy and Focus, Upgrade Your Life",0.0,0.0,3,True,"The Bulletproof Diet: Lose up to a Pound a Day, Reclaim Energy and Focus, Upgrade Your Life"
The Art Forger,0.0,0.0,3,True,The Art Forger
The Age of Genius: The Seventeenth Century and the Birth of the Modern Mind,0.0,0.0,1,True,The Age of Genius: The Seventeenth Century and the Birth of the Modern Mind
The Activist's Tao Te Ching: Ancient Advice for a Modern Revolution,0.0,0.0,5,True,The Activist's Tao Te Ching: Ancient Advice for a Modern Revolution
Spark Joy: An Illustrated Master Class on the Art of Organizing and Tidying Up,0.0,0.0,4,True,Spark Joy: An Illustrated Master Class on the Art of Organizing and Tidying Up
Soul Reader,0.0,0.0,2,True,Soul Reader
Security,0.0,0.0,2,True,Security
"Saga, Volume 6 (Saga (Collected Editions) #6)",0.0,0.0,3,True,"Saga, Volume 6 (Saga (Collected Editions) #6)"
"Saga, Volume 5 (Saga (Collected Editions) #5)",0.0,0.0,2,True,"Saga, Volume 5 (Saga (Collected Editions) #5)"
Reskilling America: Learning to Labor in the Twenty-First Century,0.0,0.0,2,True,Reskilling America: Learning to Labor in the Twenty-First Century
"Rat Queens, Vol. 3: Demons (Rat Queens (Collected Editions) #11-15)",0.0,0.0,3,True,"Rat Queens, Vol. 3: Demons (Rat Queens (Collected Editions) #11-15)"
"Princess Jellyfish 2-in-1 Omnibus, Vol. 01 (Princess Jellyfish 2-in-1 Omnibus #1)",0.0,0.0,5,True,"Princess Jellyfish 2-in-1 Omnibus, Vol. 01 (Princess Jellyfish 2-in-1 Omnibus #1)"
Princess Between Worlds (Wide-Awake Princess #5),0.0,0.0,5,True,Princess Between Worlds (Wide-Awake Princess #5)
"Pop Gun War, Volume 1: Gift",0.0,0.0,1,True,"Pop Gun War, Volume 1: Gift"
"Political Suicide: Missteps, Peccadilloes, Bad Calls, Backroom Hijinx, Sordid Pasts, Rotten Breaks, and Just Plain Dumb Mistakes in the Annals of American Politics",0.0,0.0,2,True,"Political Suicide: Missteps, Peccadilloes, Bad Calls, Backroom Hijinx, Sordid Pasts, Rotten Breaks, and Just Plain Dumb Mistakes in the Annals of American Politics"
Patience,0.0,0.0,3,True,Patience
"Outcast, Vol. 1: A Darkness Surrounds Him (Outcast #1)",0.0,0.0,4,True,"Outcast, Vol. 1: A Darkness Surrounds Him (Outcast #1)"
orange: The Complete Collection 1 (orange: The Complete Collection #1),0.0,0.0,1,True,orange: The Complete Collection 1 (orange: The Complete Collection #1)
Online Marketing for Busy Authors: A Step-By-Step Guide,0.0,0.0,1,True,Online Marketing for Busy Authors: A Step-By-Step Guide
On a Midnight Clear,0.0,0.0,3,True,On a Midnight Clear
Obsidian (Lux #1),0.0,0.0,2,True,Obsidian (Lux #1)
My Paris Kitchen: Recipes and Stories,0.0,0.0,2,True,My Paris Kitchen: Recipes and Stories
Masks and Shadows,0.0,0.0,2,True,Masks and Shadows
"Mama Tried: Traditional Italian Cooking for the Screwed, Crude, Vegan, and Tattooed",0.0,0.0,4,True,"Mama Tried: Traditional Italian Cooking for the Screwed, Crude, Vegan, and Tattooed"
"Lumberjanes, Vol. 2: Friendship to the Max (Lumberjanes #5-8)",0.0,0.0,2,True,"Lumberjanes, Vol. 2: Friendship to the Max (Lumberjanes #5-8)"
"Lumberjanes, Vol. 1: Beware the Kitten Holy (Lumberjanes #1-4)",0.0,0.0,3,True,"Lumberjanes, Vol. 1: Beware the Kitten Holy (Lumberjanes #1-4)"
Lumberjanes Vol. 3: A Terrible Plan (Lumberjanes #9-12),0.0,0.0,2,True,Lumberjanes Vol. 3: A Terrible Plan (Lumberjanes #9-12)
"Layered: Baking, Building, and Styling Spectacular Cakes",0.0,0.0,1,True,"Layered: Baking, Building, and Styling Spectacular Cakes"
Judo: Seven Steps to Black Belt (an Introductory Guide for Beginners),0.0,0.0,2,True,Judo: Seven Steps to Black Belt (an Introductory Guide for Beginners)
Join,0.0,0.0,5,True,Join
In the Country We Love: My Family Divided,0.0,0.0,4,True,In the Country We Love: My Family Divided
