mean_fit_time,std_fit_time,mean_score_time,std_score_time,param_classifier__max_depth,param_classifier__max_features,param_classifier__n_estimators,params,split0_test_score,split1_test_score,split2_test_score,split3_test_score,split4_test_score,mean_test_score,std_test_score,rank_test_score
0.7478289127349853,0.022654970319015495,0.13002195358276367,0.01612045582731348,,sqrt,100,"{'classifier__max_depth': None, 'classifier__max_features': 'sqrt', 'classifier__n_estimators': 100}",0.7155963302752294,0.6019417475728155,0.7889908256880734,0.7927927927927928,0.7115384615384616,0.7221720315734745,0.06937388126990954,11
1.3346836566925049,0.03967390728684039,0.1439366340637207,0.006412922678938099,,sqrt,200,"{'classifier__max_depth': None, 'classifier__max_features': 'sqrt', 'classifier__n_estimators': 200}",0.7169811320754716,0.5981308411214953,0.7889908256880734,0.7927927927927928,0.7184466019417476,0.7230684387239161,0.07053377435741237,9
0.7558214664459229,0.12114175376107976,0.10925116539001464,0.005860367871829271,,log2,100,"{'classifier__max_depth': None, 'classifier__max_features': 'log2', 'classifier__n_estimators': 100}",0.7155963302752294,0.6019417475728155,0.7889908256880734,0.7927927927927928,0.7115384615384616,0.7221720315734745,0.06937388126990954,11
1.2545228958129884,0.052235650247196515,0.17065911293029784,0.027750567062034534,,log2,200,"{'classifier__max_depth': None, 'classifier__max_features': 'log2', 'classifier__n_estimators': 200}",0.7169811320754716,0.5981308411214953,0.7889908256880734,0.7927927927927928,0.7184466019417476,0.7230684387239161,0.07053377435741237,9
0.5983394622802735,0.0145683486979982,0.10078754425048828,0.00595813155791417,5,sqrt,100,"{'classifier__max_depth': 5, 'classifier__max_features': 'sqrt', 'classifier__n_estimators': 100}",0.7326732673267327,0.6444444444444445,0.7961165048543689,0.7878787878787878,0.7157894736842105,0.7353804956377089,0.05496441782959254,3
1.29904465675354,0.09610237891522383,0.17646484375,0.033475960962386114,5,sqrt,200,"{'classifier__max_depth': 5, 'classifier__max_features': 'sqrt', 'classifier__n_estimators': 200}",0.7326732673267327,0.6444444444444445,0.803921568627451,0.78,0.7021276595744681,0.7326333879946192,0.05662771662729937,7
0.6202137470245361,0.05520225017832289,0.11185526847839355,0.014866304057202436,5,log2,100,"{'classifier__max_depth': 5, 'classifier__max_features': 'log2', 'classifier__n_estimators': 100}",0.7326732673267327,0.6444444444444445,0.7961165048543689,0.7878787878787878,0.7157894736842105,0.7353804956377089,0.05496441782959254,3
1.164172601699829,0.03687310970520811,0.1538752555847168,0.007672389354258582,5,log2,200,"{'classifier__max_depth': 5, 'classifier__max_features': 'log2', 'classifier__n_estimators': 200}",0.7326732673267327,0.6444444444444445,0.803921568627451,0.78,0.7021276595744681,0.7326333879946192,0.05662771662729937,7
0.6561192512512207,0.08077448285466315,0.11575241088867187,0.0016535227509790174,10,sqrt,100,"{'classifier__max_depth': 10, 'classifier__max_features': 'sqrt', 'classifier__n_estimators': 100}",0.7058823529411765,0.6326530612244898,0.7889908256880734,0.8148148148148148,0.7407407407407407,0.7366163590818591,0.06423089628863698,1
1.230770969390869,0.03681956103088806,0.14054341316223146,0.007166282360660792,10,sqrt,200,"{'classifier__max_depth': 10, 'classifier__max_features': 'sqrt', 'classifier__n_estimators': 200}",0.7058823529411765,0.6326530612244898,0.7706422018348624,0.8380952380952381,0.7238095238095238,0.7342164755810582,0.06832844959649731,5
0.727064561843872,0.05546924419022671,0.10827450752258301,0.013330312165502442,10,log2,100,"{'classifier__max_depth': 10, 'classifier__max_features': 'log2', 'classifier__n_estimators': 100}",0.7058823529411765,0.6326530612244898,0.7889908256880734,0.8148148148148148,0.7407407407407407,0.7366163590818591,0.06423089628863698,1
1.021592664718628,0.15556564204210327,0.10797715187072754,0.004720162056529076,10,log2,200,"{'classifier__max_depth': 10, 'classifier__max_features': 'log2', 'classifier__n_estimators': 200}",0.7058823529411765,0.6326530612244898,0.7706422018348624,0.8380952380952381,0.7238095238095238,0.7342164755810582,0.06832844959649731,5
